{"chunk_definitions":[{"row":23,"row_count":1,"visible":true,"expansion_state":0,"options":{"include":false,"warning":false,"message":false,"engine":"r","label":"unnamed-chunk-2"},"document_id":"7C779FB0","chunk_id":"cwq7q6q74gujb","chunk_label":"unnamed-chunk-1"},{"row":47,"row_count":1,"visible":true,"expansion_state":0,"options":{"fig-cap":"Bills of penguins","echo":false,"engine":"r","label":"unnamed-chunk-3"},"document_id":"7C779FB0","chunk_id":"cvb3dlsmcgj8u","chunk_label":"fig-marriage"}],"doc_write_time":1726784033}